"","mean","se_mean","sd","2.5%","25%","50%","75%","97.5%","n_eff","Rhat"
"stream_quality[1]",0.201093386248914,0.25617033200677,0.490957704979744,-0.837156747019456,-0.117434958888765,0.268720294442036,0.531762696882069,1.07221575789579,3.67308093520487,1.44192038400519
"stream_quality[2]",0.249839197930712,0.400458014288911,0.724236610349365,-1.24179243700196,-0.234961778932498,0.3927725907341,0.822564835103138,1.31532955610333,3.27074714063664,1.57712173645792
"stream_quality[3]",0.445569651540452,0.597104443675258,0.91769862609148,-1.47744384223082,-0.0951062527368652,0.779388472125951,1.10250341122138,1.60400974642521,2.36210694524863,2.43950729968082
"stream_quality[4]",-0.0686660986750679,0.00827478504807903,0.357440425882087,-0.815631544095991,-0.282312598614492,-0.0563695972756031,0.155066955410812,0.624829062574277,1865.92376348599,1.00834674676783
"stream_quality[5]",0.300711517554032,0.454771209278471,0.723017208626882,-1.21876107693714,-0.185664627469545,0.526195642938062,0.820508852993905,1.31028624044775,2.52761743988503,2.08806094268631
"stream_quality[6]",0.110874455100762,0.140291790405094,0.437091075743154,-0.806568583317467,-0.141433691973682,0.0944154773721536,0.360472089372764,1.03036448326741,9.70687335372057,1.12641872817843
"stream_quality[7]",0.391837299199068,0.617785072913179,0.938870659671845,-1.54576345168163,-0.254060096894511,0.747858467850814,1.06458948927748,1.55236605501013,2.30959969466162,2.59595080741641
"stream_quality[8]",0.511741927032259,0.510282545658306,0.8058462405086,-1.14674402900619,0.0328998120951648,0.717332761179201,1.04060761427206,1.7618153852484,2.49392243119077,2.14714019455277
"stream_quality[9]",-0.815859935777782,1.04626822118217,1.52785843347572,-2.42742815936367,-1.84384475053516,-1.49241067144143,-0.0614651640050866,2.23936323408567,2.1324564105923,3.79766149714153
"stream_quality[10]",-0.300422888998681,0.37203341855591,0.629396020854657,-1.35324362383524,-0.715496905419573,-0.417778217082866,0.0810593381554466,1.07775403430991,2.86209523092774,1.75662799167503
"stream_quality[11]",-0.100958476968177,0.126380943065073,0.403878003361845,-0.873625642727692,-0.373370426886607,-0.118739341148987,0.169273016776526,0.707864089718156,10.2126210583187,1.1159471105397
"stream_quality[12]",-0.329104523325343,0.373035505788642,0.635641012254385,-1.40909407186101,-0.748189867938174,-0.436398664837093,0.0599498374572106,1.03256129558396,2.90351103348997,1.73259201063743
"stream_quality[13]",-0.497610580926464,0.609193439475204,0.922664708817875,-1.70078934263678,-1.11998567800693,-0.827570371426104,0.0449352112764445,1.41779157601664,2.29391532950285,2.65052123259431
"stream_quality[14]",-0.515290401237577,0.640204981933848,0.968217787358367,-1.80866569330905,-1.15590768498673,-0.85387476265374,0.0717829178873581,1.50381782525128,2.28722039529574,2.68343158413473
"stream_quality[15]",-0.0162600961122522,0.0045294738348185,0.35721793967508,-0.772388589516614,-0.230982328750163,-0.0073599776630273,0.208907767525191,0.673771946345227,6219.72254983287,1.00310457487963
"stream_quality[16]",-0.18336374614752,0.163139551773454,0.480476992781791,-1.19639131162639,-0.46434834817768,-0.144369890178203,0.0984976825136296,0.798836391399761,8.67414472442229,1.14692097258268
"stream_quality[17]",-0.628361615319195,0.830910871411032,1.22309438283523,-2.00363864069811,-1.45241920835276,-1.14506612340307,0.0312168277946667,1.86275366120119,2.16676125377885,3.40684781702404
"stream_quality[18]",-0.00236171825914754,0.00711352839869519,0.404378574945012,-0.78047005278874,-0.256241509606171,-0.0211442869077633,0.23779554677858,0.8549281226794,3231.51469822583,1.00259464354788
"stream_quality[19]",-1.15407707593656,1.53019996313541,2.21871998971335,-3.33449338692325,-2.6507153273583,-2.17013528272546,-0.161839625560615,3.22241854767979,2.10236742149894,4.3212247495067
"stream_quality[20]",-0.656692542049892,0.861116276531461,1.30157642996979,-2.16094097899792,-1.5949696535647,-1.18064081315556,0.0831325644391676,1.99651270219071,2.28462936429455,2.72845852977148
"stream_quality[21]",0.0248361630804898,0.127993028149817,0.45989943696214,-0.895494667479376,-0.313658862387269,0.0633160818170944,0.371582165594433,0.819011165083885,12.9107992311392,1.09860562644118
"stream_quality[22]",0.218439692505725,0.33540485886258,0.579072233364894,-1.02501905101213,-0.175318328545198,0.349095763467381,0.618523638583626,1.1523283904417,2.98075844009785,1.68010678236508
"stream_quality[23]",-0.0568350637798689,0.120186178827693,0.396821217003096,-0.864885120907188,-0.293207639540845,-0.0572740570881602,0.173874130806359,0.767323885105825,10.9013608177941,1.10671124758789
"stream_quality[24]",-0.418683083030801,0.561982015871119,0.863410363197163,-1.54607352181652,-1.02785236035917,-0.723096255545434,0.114632094175442,1.38346219440196,2.3604221339191,2.43332994681997
"stream_quality[25]",0.462281766491776,0.645935270868698,0.98439410199859,-1.54824955540422,-0.147177367232099,0.830802758048274,1.17557358028597,1.66304659352446,2.32252291068881,2.55880178573932
"stream_quality[26]",-0.124594318091985,0.175209189116197,0.454691432037607,-1.05138777495822,-0.39366664349737,-0.113261868041557,0.132186666828555,0.840687439681212,6.73472368466677,1.18772546889158
"stream_quality[27]",-0.132727823283382,0.233795858856893,0.476459449368636,-0.955207162488444,-0.471101257408605,-0.199216154125627,0.199377806183966,0.852465519681259,4.15315615232059,1.35648002498193
"stream_quality[28]",0.690490021116515,0.852212832592604,1.2533533614843,-1.83950288537443,0.0124002477642205,1.22117728159436,1.5275997007718,2.10784439801516,2.16297211852274,3.44282533566805
"stream_quality[29]",0.649984116411029,0.69887634868751,1.05099332367249,-1.47633260885154,0.076350895068066,1.01845256056058,1.3431762979469,2.03913656601206,2.26151372458199,2.78735403298703
"stream_quality[30]",-0.175480158011263,0.195915987239032,0.439399942279837,-0.995075797455328,-0.464287031429326,-0.208798296887513,0.111086304195215,0.728419992516542,5.03014190563834,1.26636165406998
"stream_quality[31]",-0.0852981769079928,0.195190102676805,0.482082906966963,-0.898858588481981,-0.451387266154229,-0.135174804145895,0.270871636394915,0.869372551611671,6.09997255776696,1.21164824750721
"stream_quality[32]",0.473934259583221,0.514031981972432,0.825851217760591,-1.29161561638988,-0.000430852891358619,0.657085522040162,1.02015808579294,1.7876395830756,2.58121003946643,2.027086317627
"stream_quality[33]",0.704061965319489,0.941005085136719,1.37744922997673,-2.08556491828128,-0.16247620922559,1.30206941685839,1.61201935477367,2.226894710964,2.14272906443376,3.66746586734219
"stream_quality[34]",0.826280850696452,0.964162751292035,1.40832452456215,-1.99270817149132,0.208746702846806,1.42606371469047,1.75179386585021,2.39770698429584,2.13355963228742,3.77102246391625
"stream_quality[35]",-0.051402386724716,0.055488367604654,0.406878774075853,-0.909670882760004,-0.278937578825461,-0.0369884013229623,0.183218754153732,0.768889000838434,53.7682833874228,1.03253293279993
"beta_conduct",-0.478586169903124,0.574734835977141,0.824008428914666,-1.23359977425786,-1.00777100226696,-0.88290029573348,-0.148975000154975,1.10799063503203,2.05555104212823,5.79567893569888
"beta_depth",0.475185613706109,0.180248420081022,0.290206674631708,0.00522648576767213,0.184961428586692,0.5414543352115,0.687162899616508,0.946602338326062,2.59222001869675,2.00935483687818
"beta_do",0.156677535917229,0.0203128247878806,0.1265308125701,0.00518848399012234,0.0581368663785273,0.126546664987643,0.224531143539444,0.470874069877235,38.8018068263557,1.03487619752584
"beta_thermal",-0.387045954129476,0.435319824408154,0.63306826790847,-1.06251090647764,-0.802163107510773,-0.661600365245245,-0.0862905019322308,0.880281486879406,2.11487254891253,4.05829172815105
"a_conduct",-0.0155892986517005,0.00307701392847441,0.173516630067076,-0.364409627431787,-0.128279559360098,-0.0141244971331397,0.0968640941696887,0.323987600666158,3179.97191733064,1.00031852902223
"a_depth",0.026273799727565,0.00207244533396366,0.178394695711141,-0.319862423781888,-0.0922206756753269,0.0258255935805647,0.145115048516817,0.373456465791134,7409.6502143986,1.00019726203873
"a_do",-6.02512690928058e-05,0.00133122398770526,0.180224894524248,-0.357793885350761,-0.118943420227579,-0.000486722482453472,0.120195801250896,0.354160689885358,18328.5154802761,1.00012952149383
"a_thermal",0.0128636262063772,0.00253789013244687,0.172519446753919,-0.330295789746584,-0.102003383055806,0.0140565192589401,0.127406287101523,0.351128402993966,4620.94159241103,1.00000432145829
"sigma_conduct",0.366968616079141,0.0105253565220216,0.196417288926429,0.0433987931247822,0.210074090811582,0.367109734825906,0.508097155962332,0.755987514781599,348.245724945472,1.01697480494912
"sigma_depth",0.891751384986414,0.0840909716752576,0.165009612654767,0.636601120502727,0.77091877299701,0.863454617255393,0.99402096229783,1.26583363000732,3.85052323212879,1.40331195639062
"sigma_do",1.03314301318739,0.000985915067948823,0.131843708508465,0.811446147331149,0.940654183363412,1.02011459135622,1.11263356593485,1.32565939085476,17882.9767789662,1.00173531890748
"sigma_thermal",0.703684958711384,0.00309737579481049,0.125245102190666,0.451987003161412,0.62882168863658,0.703347309842841,0.78078022857209,0.952438301718103,1635.06003202059,1.00570904193521
"beta_trout",0.934909345956637,1.1385048521603,1.68976192293525,-2.59391137183397,0.0825131005239854,1.57233241614952,2.06669711972454,2.99330166511688,2.20283144477199,3.11122704149443
"alpha_trout",0.0441163544903634,0.00646585616738195,0.519475356917153,-1.0002223259932,-0.292259464386524,0.0445149319590939,0.384707710230352,1.0644041343495,6454.72614614713,1.00016834087413
"conduct_hat[1]",-0.384458851003893,0.00191577757890421,0.284311917424447,-0.971413102804253,-0.542903315437676,-0.39156561014739,-0.222097035097865,0.202367165380787,22024.1905615457,1.00030377592674
"conduct_hat[2]",-0.591584852216868,0.0179896396900047,0.434636300361564,-1.21176609123468,-0.962673659762028,-0.655577497587678,-0.284310826732374,0.328849927620174,583.723342313112,1.01147311181268
"conduct_hat[3]",-0.897348219067965,0.00832408043143851,0.348283874203468,-1.47321768430265,-1.13554172366272,-0.96719859006114,-0.68415730545396,-0.115617350276863,1750.62931925347,1.00419633676587
"conduct_hat[4]",0.0492383459807195,0.0108411850522226,0.28891486534517,-0.533528111431612,-0.114284154973924,0.0383689690082163,0.211926858160061,0.658416844336985,710.209145562679,1.00807334868675
"conduct_hat[5]",-0.661526511071976,0.0149498636099742,0.309708208610272,-1.2185068868386,-0.851831523936761,-0.711398864791889,-0.474381918043933,0.0235921680399337,429.171596115832,1.01074736356232
"conduct_hat[6]",-0.205551165234263,0.00707419879073661,0.317847166243096,-0.923535578717701,-0.400940436587955,-0.150332231041721,0.0100300198002082,0.330181540793577,2018.74827387084,1.00278808431775
"conduct_hat[7]",-0.89260545647236,0.0398298646179112,0.338215072575188,-1.45965625056528,-1.11774217584981,-0.952591539953,-0.686272317934362,-0.137125009472681,72.1054772387967,1.02669208110373
"conduct_hat[8]",-0.810089282165573,0.0631554710642897,0.319524303850796,-1.53181866097148,-0.987124916874367,-0.764998937239047,-0.61992210931933,-0.218820621301956,25.5968095435662,1.04568757300765
"conduct_hat[9]",1.55186168532758,0.0103928401250359,0.388351523039415,0.654061928216504,1.3164992938088,1.63601161613953,1.83020155462326,2.15635861929755,1396.30898428145,1.00360757761519
"conduct_hat[10]",0.521208300677393,0.00367052066831744,0.29443485044174,-0.0302232574474571,0.346511557058326,0.484552107554642,0.688065482482979,1.17555121870729,6434.62258818752,1.00182874918125
"conduct_hat[11]",0.172840500424969,0.00373890115022717,0.300843993425367,-0.491761877420628,0.00566943410641757,0.206549249970473,0.346982353756115,0.746465545316035,6474.32837894186,1.00126775619771
"conduct_hat[12]",0.534722550880429,0.0102898130030173,0.30247190325677,-0.0179468333002227,0.352693938573818,0.489293074657321,0.708598595879098,1.20807302061388,864.082308506221,1.00788478571652
"conduct_hat[13]",0.894608990988937,0.00274445611925214,0.298386894479716,0.253185403851686,0.730497194072236,0.914088365664986,1.05788194821714,1.49354165617928,11820.8010050426,1.00226567844569
"conduct_hat[14]",0.931674280707979,0.00162073008927268,0.292437234352937,0.342944888170054,0.768260416797923,0.919770061429121,1.09354252473937,1.54949611967621,32556.9675071273,1.00066333734306
"conduct_hat[15]",-0.0305774191979822,0.00323195808822206,0.288892379848895,-0.592547583608952,-0.193953024149756,-0.0583494768727302,0.130374501106395,0.600445450593461,7989.88875585775,1.00393491522596
"conduct_hat[16]",0.230511259189805,0.0143480584077349,0.343662413020153,-0.315954413074684,-0.020475569919563,0.168391574037138,0.446838457424498,0.997881080067408,573.690685217199,1.01322276482597
"conduct_hat[17]",1.21026043210276,0.00506003715792221,0.316598673827426,0.507798455986315,1.02767042530358,1.25895206835573,1.40008189341737,1.79808200293452,3914.81073542798,1.00309691023672
"conduct_hat[18]",0.00947987543691188,0.00596173414996033,0.327454442268337,-0.75041485785165,-0.172190274340663,0.0687015821839018,0.210739648451418,0.571982681694442,3016.86975728103,1.00251186381212
"conduct_hat[19]",2.27127994853027,0.0216478460172647,0.55620906884912,1.00548941558676,1.90538205598163,2.39054069412476,2.74285346452363,2.99199775502192,660.15626794199,1.00988046392893
"conduct_hat[20]",1.27589968652981,0.0160545865360478,0.47774546122903,0.16365688964676,0.968654278665471,1.38307876290126,1.66048245679273,1.93040992664874,885.512892831441,1.00648514574018
"conduct_hat[21]",-0.186258173445024,0.0218733302329935,0.360285726779732,-0.755477128743268,-0.450978881833578,-0.255873411515148,0.0352260117043216,0.628500567276605,271.309058961862,1.01859881093732
"conduct_hat[22]",-0.481400116234638,0.0064123987158853,0.291558781761381,-1.06427851596173,-0.644732435510379,-0.499722091107041,-0.31750233811247,0.135236593344389,2067.33671170816,1.00600564163075
"conduct_hat[23]",0.132638412107213,0.003913692363227,0.292060891211257,-0.445285864999534,-0.0289592582661801,0.106548302115799,0.291813824860618,0.769235865767462,5568.95158853343,1.00485138131171
"conduct_hat[24]",0.809539729119084,0.006374831541893,0.320282956897397,0.0966967578171216,0.614299550061403,0.861930378484405,1.01387524616736,1.37137612586378,2524.23760874726,1.00260260962615
"conduct_hat[25]",-0.96265656288401,0.0112418823378728,0.366841752713399,-1.53665752008375,-1.23330265194928,-1.0365096372087,-0.729697641783104,-0.131818106140353,1064.82796580814,1.00801035330328
"conduct_hat[26]",0.21767993576608,0.00492729259353536,0.310842627114425,-0.341458090019843,0.0231609360019787,0.169258219428291,0.401688299168556,0.910179190431845,3979.82922417275,1.00163810076784
"conduct_hat[27]",0.300574014780316,0.0093368923986274,0.299982531387392,-0.357230323043305,0.123086197695218,0.342425227595504,0.478569347078838,0.859968157837844,1032.25554242278,1.00734890617754
"conduct_hat[28]",-1.2965550572029,0.00482196273749317,0.324098168718291,-1.8842727702208,-1.48879792018863,-1.34540054972803,-1.11335471882384,-0.564118698136983,4517.57586223019,1.00201469769932
"conduct_hat[29]",-1.09141915234773,0.0554727687926804,0.314500147100226,-1.77387750241186,-1.26595197177401,-1.06672738562646,-0.91673129371899,-0.464880064619753,32.1426751719941,1.03622381039308
"conduct_hat[30]",0.273903805461233,0.00328118865483972,0.286933927092416,-0.328679038553778,0.113381439030668,0.288065262382033,0.43482812351107,0.853758613774052,7647.18157294696,1.00401589977109
"conduct_hat[31]",0.246580168563374,0.0151339486114325,0.350632403780588,-0.529058722195301,0.0168801143077442,0.30205334208518,0.516225027632056,0.797394946306437,536.784032027739,1.01404477200242
"conduct_hat[32]",-0.787794078967629,0.0304502336159813,0.330676583276324,-1.53657627860093,-0.985706783043089,-0.729648323319638,-0.566040998238687,-0.229914988116484,117.930360304768,1.020144661344
"conduct_hat[33]",-1.39882984216145,0.00495761432810307,0.321049780388592,-2.01235091416725,-1.5819678901618,-1.43915130161617,-1.22230047913327,-0.678606825228574,4193.71852223488,1.00506788568503
"conduct_hat[34]",-1.48195022347733,0.0234575255418983,0.3177670614664,-2.11193643752557,-1.65860944415475,-1.50602879742917,-1.30675819637132,-0.789881637298276,183.507306184583,1.01369062761968
"conduct_hat[35]",0.072776785802626,0.00481946191559244,0.318056570706927,-0.50638190195161,-0.117474493745419,0.024416970799319,0.248573128606336,0.796623241461021,4355.23545124009,1.00142045633555
"depth_hat[1]",0.204356551376585,0.0864955889452215,0.261845540306242,-0.276953503078392,0.028956238459296,0.194588701813715,0.36570891345797,0.757471047056532,9.16436636603529,1.12421241682873
"depth_hat[2]",0.271383703957766,0.119527146369658,0.330609743728248,-0.332420745235032,0.0257802565916326,0.260029314926436,0.513808859072038,0.908814418963914,7.6506475547567,1.16117358598278
"depth_hat[3]",0.435333216118206,0.196895241516575,0.37495574888753,-0.267640091969968,0.149306183144172,0.465831028672862,0.704333733827357,1.12418148559209,3.6265159550606,1.44763257444123
"depth_hat[4]",-0.0194985881401232,0.00581730932527679,0.235323261541001,-0.520026486975562,-0.161012164973571,-0.0105740014292805,0.130215976979331,0.430009572898894,1636.38467452815,1.00742979360393
"depth_hat[5]",0.315294978561154,0.14257421301469,0.307850787827191,-0.266724795024798,0.0956292344540241,0.324513396588859,0.526226681669664,0.911202288120749,4.66228236673361,1.29438259521507
"depth_hat[6]",0.124613882890743,0.0429044929807076,0.253056252776609,-0.314236825318746,-0.0422667262128383,0.101995411981262,0.265535234877632,0.705989447648663,34.7879307861934,1.03701544831042
"depth_hat[7]",0.414168609645419,0.190028591323233,0.363266986849478,-0.279302287235599,0.140315002626689,0.44653657149916,0.675557914686158,1.07165443991936,3.65438218755911,1.44151266813465
"depth_hat[8]",0.446316857481508,0.196485977698551,0.397300633729814,-0.25099217414821,0.159901025659395,0.434760720297121,0.69426787947542,1.2866409195223,4.08860721945972,1.36849292108572
"depth_hat[9]",-0.714774421226924,0.347860849687335,0.576321946602345,-1.66751952276154,-1.13519680437418,-0.831612503161628,-0.227284145813381,0.359330327649838,2.74485374784044,1.83824650236415
"depth_hat[10]",-0.240444339975896,0.129026703580734,0.305212513772173,-0.897996886507103,-0.427740057732554,-0.221708867311379,-0.0300738276929308,0.302100543923608,5.59558461988125,1.22838848921537
"depth_hat[11]",-0.0644800737037399,0.0400078771193208,0.243673923376721,-0.558469210015241,-0.216053072470504,-0.0628048562827056,0.0926636390078708,0.4092653735021,37.0960011636468,1.03300508364017
"depth_hat[12]",-0.254542573635995,0.134621981548099,0.314785788862266,-0.943353515532279,-0.44610261496188,-0.233730643239971,-0.0377916839097678,0.298169772531784,5.4676194258649,1.2352585106434
"depth_hat[13]",-0.416630061875116,0.210379471551738,0.389834881194889,-1.15508341991588,-0.681170804638755,-0.446305261566589,-0.131806956130404,0.311762248929714,3.43363930643484,1.49708270398342
"depth_hat[14]",-0.433266401846654,0.218689455752575,0.401052604975525,-1.20215201899432,-0.706210632449296,-0.462920422331647,-0.139711598643697,0.318636230325125,3.36315586907674,1.51852882047147
"depth_hat[15]",0.0234326848282067,0.00163474166986049,0.23264298093527,-0.458513590731147,-0.11718566167976,0.0298898070594247,0.170724268163246,0.473776481476702,20252.6399509892,1.00005785039626
"depth_hat[16]",-0.115353277354716,0.0615808391888156,0.279109449325696,-0.771630791255219,-0.272696537490276,-0.078648857440232,0.0741275752826558,0.346524199195637,20.5427165581393,1.06076230628571
"depth_hat[17]",-0.550130798828047,0.273202472760742,0.466350822695161,-1.35946849154768,-0.880983494823723,-0.628326851129039,-0.187217106426039,0.338080231761959,2.91377654348711,1.71410773842841
"depth_hat[18]",0.0197762516390976,0.00293467696654883,0.247038357081186,-0.437846999675696,-0.138568657042157,0.00835522284548044,0.166666609185618,0.553082304673375,7086.1146377722,1.00025716357568
"depth_hat[19]",-1.03531591559981,0.496330695629661,0.795687867576186,-2.27316524692355,-1.61841398662844,-1.23426068219044,-0.280693820537516,0.421542972269627,2.57005964374279,2.03279812993905
"depth_hat[20]",-0.575984416806225,0.28565337901397,0.510653686135224,-1.47011278104172,-0.959980248467995,-0.64629149695814,-0.138028718811356,0.340520306310342,3.19576040007487,1.58426902317335
"depth_hat[21]",0.0765675495609145,0.010943111270007,0.264458397141732,-0.490785333836209,-0.0881092667292787,0.0866423631013332,0.255547681842944,0.568594908686978,584.027224722773,1.0112941637809
"depth_hat[22]",0.235757455088087,0.104409915707378,0.272348548523414,-0.275691890296861,0.048965085220764,0.233381614438668,0.412587245768053,0.788231192977062,6.80403657999475,1.17557573179424
"depth_hat[23]",-0.0361898035305705,0.0259349489360037,0.236174018807927,-0.532571684633834,-0.178240771356249,-0.0262060376799436,0.114407401451164,0.414708799320931,82.9265208315606,1.01844178529126
"depth_hat[24]",-0.358061677397604,0.185269016939014,0.354686555030313,-1.01866113074594,-0.60933177168372,-0.385370426235786,-0.0977421314642755,0.309279163803148,3.66508337058365,1.43817252510845
"depth_hat[25]",0.458424477475168,0.208405669149723,0.392538578602167,-0.274396603100344,0.149960501267027,0.494169186183413,0.743782901454508,1.17469879869136,3.5476897542923,1.46779954069131
"depth_hat[26]",-0.0855825562799264,0.0522032474824304,0.25482745833543,-0.652386933859153,-0.233337507252597,-0.0647325973768681,0.0822542051057261,0.370520909978637,23.8285383766686,1.04877567458519
"depth_hat[27]",-0.109259302578605,0.0675213895763221,0.25010407323184,-0.613130331253246,-0.270641500010126,-0.106132199004872,0.0578628613514294,0.374913402360974,13.7201477026567,1.07974728923308
"depth_hat[28]",0.641881939503697,0.289390414518496,0.49284264919431,-0.284662394528378,0.242057486121878,0.725104294030493,0.991961552954359,1.50349926926007,2.90033579810559,1.72280565303172
"depth_hat[29]",0.576074252793764,0.256737069612928,0.465755034396849,-0.265811666926265,0.216178818519779,0.610000829376533,0.889451620037866,1.47648019544446,3.29107633831636,1.5457918297463
"depth_hat[30]",-0.12243481996515,0.0705229684767381,0.253645250357004,-0.66341133860141,-0.276373151159724,-0.110709526388719,0.0457388668202844,0.349516378845131,12.935770433585,1.08515315205812
"depth_hat[31]",-0.0721518882637819,0.0451363302652334,0.264310519947851,-0.567399751076664,-0.25080906538251,-0.0772389736122809,0.100440951216725,0.463645343745751,34.290704275205,1.03848723749322
"depth_hat[32]",0.42561010692123,0.188415551747836,0.388586835740264,-0.25492524387582,0.145746530973608,0.409318502195376,0.667699608755815,1.25950448084077,4.25346315095057,1.34807192578569
"depth_hat[33]",0.67386857904359,0.306357686695916,0.511601760632887,-0.29789679996205,0.262189820270607,0.771168454386021,1.03240187830101,1.54577944893171,2.78873018690585,1.80013851061338
"depth_hat[34]",0.747651196385079,0.33610125889755,0.563979700332846,-0.293244275736162,0.273980599655674,0.845687841016262,1.14236998260777,1.73381932814611,2.81570185239122,1.78173295323328
"depth_hat[35]",-0.0211585233289989,0.00933497857482185,0.248030264711562,-0.565900740770479,-0.165656670650995,-0.00504395067579773,0.137809282804248,0.430582276627304,705.964239540137,1.00879807572676
"do_hat[1]",0.0414814809618863,0.0342377375232622,0.200427972625469,-0.349090429848423,-0.0918576075436034,0.0382452823598162,0.169531343379679,0.449786294178918,34.2694039404329,1.03545690881256
"do_hat[2]",0.0466809930419838,0.0535785651646505,0.218202208299312,-0.383147991193411,-0.0980197925506867,0.0451668240263719,0.187459032787619,0.483829116832019,16.5857885766974,1.0675012997583
"do_hat[3]",0.0897815327604623,0.0867635867814758,0.244996227282669,-0.38678368696235,-0.0704125969805712,0.0871558748423539,0.244909017139245,0.585785938164361,7.97340453312647,1.14561734045217
"do_hat[4]",-0.0133601055526531,0.00134221296704837,0.188741002273791,-0.391025883611395,-0.135872162167518,-0.0118901631135382,0.11069041075443,0.356878861426718,19773.777977035,1.00067333468906
"do_hat[5]",0.0636891931596587,0.064847187543584,0.222257298474188,-0.368360247643096,-0.0828156155322791,0.0604063177980062,0.206037636525744,0.508369555437433,11.747075822023,1.09487853029513
"do_hat[6]",0.0274587562221066,0.0152804757836697,0.196864146774481,-0.352610783600722,-0.10261316303881,0.023823296500993,0.151774503298947,0.430546460558611,165.981430771076,1.0135018758351
"do_hat[7]",0.0815798150339179,0.0874468071460804,0.24366679292501,-0.397955825843705,-0.0784583041269351,0.0808494394543578,0.23670603456493,0.570750828676569,7.7643442076825,1.15066325057002
"do_hat[8]",0.104129811801615,0.0784732733935345,0.245969295680279,-0.350387397761928,-0.0575973862843518,0.0923031976597008,0.252375039122654,0.63983306802919,9.82467645756053,1.11647035613917
"do_hat[9]",-0.165268675250888,0.149443489875858,0.331202794143239,-0.839170047644828,-0.374460729025866,-0.158448793161172,0.049359655478591,0.486420335248392,4.91172430940191,1.27323450916644
"do_hat[10]",-0.0629365745735023,0.0503060266169611,0.214379081980898,-0.513043142833219,-0.195649124692936,-0.0562669033637285,0.0789659813934058,0.341321839280886,18.1603737030692,1.06224966296322
"do_hat[11]",-0.0169396433458271,0.00343594579621018,0.191095483541863,-0.398969879295743,-0.141083913193115,-0.0163148339720287,0.109580429676374,0.355917377111001,3093.20168181682,1.00660767871499
"do_hat[12]",-0.0703524506829006,0.0521272411330351,0.219325718269622,-0.538519827395534,-0.204894392431302,-0.0619381848107733,0.0747286357539724,0.334313677858153,17.7031129453152,1.06353182196108
"do_hat[13]",-0.10179807761108,0.087689887536809,0.249617181276756,-0.619200316866556,-0.257217464380959,-0.0917835862372807,0.0614997623637152,0.372374824867286,8.10307620662052,1.14257220777274
"do_hat[14]",-0.108529031804619,0.0924111931455945,0.257652733925607,-0.655265689324346,-0.266980245635563,-0.0972471138473296,0.0591840256520526,0.374176783295367,7.77356715974495,1.15067044330679
"do_hat[15]",-0.00412690119381883,0.00131919098745344,0.188776614403424,-0.378921332916149,-0.126898904647864,-0.00371197334750983,0.121482234624924,0.365308223880127,20477.6933307687,1.00029630533143
"do_hat[16]",-0.0449611445580716,0.0166738414164012,0.207105773651867,-0.484569624201082,-0.169440436980342,-0.0371039505443269,0.0928458956320739,0.334756100835098,154.28122523522,1.01498388853358
"do_hat[17]",-0.132319902240858,0.119180652746665,0.290372526961155,-0.738592681673321,-0.312549080507405,-0.120358900826048,0.0550497929946172,0.424200551107409,5.93607703944156,1.21048768844201
"do_hat[18]",0.0060106721227968,0.001628601798458,0.194222615620475,-0.370575749204199,-0.120111814655706,0.00220656740049784,0.129814014147364,0.395683027238001,14222.298090957,1.00027775082476
"do_hat[19]",-0.234670178166626,0.216850369800865,0.440439246727289,-1.12532315926309,-0.511560648966528,-0.225778198788922,0.0432146128346504,0.653668119617941,4.12526344301704,1.3589770027793
"do_hat[20]",-0.125463109577301,0.119841310150984,0.288613734221631,-0.712263076741162,-0.305617686919512,-0.121078419646413,0.0590031131262199,0.450603223136436,5.79990515159042,1.21800853433977
"do_hat[21]",0.000678475853913591,0.003825248927713,0.197480156745821,-0.392890921577814,-0.126268225550097,0.00238758536678579,0.132480021287778,0.384996400082855,2665.18599427574,1.00638741424776
"do_hat[22]",0.0483706573856393,0.0465663132868925,0.207480356070861,-0.350556932293847,-0.089724006124149,0.0444722414852318,0.18142683724364,0.468005039257013,19.8522738764236,1.05632399016015
"do_hat[23]",-0.016588425820553,0.00356125143365164,0.191907091953132,-0.405894864346513,-0.138461947245797,-0.0146292737732283,0.110951191509888,0.353809508607955,2903.86735680551,1.0061087755904
"do_hat[24]",-0.0856217578052772,0.0785565309566267,0.236193064038314,-0.569826206645721,-0.234905124387507,-0.0787978524327349,0.0683067249299978,0.369524456460361,9.0400261466137,1.12551387033709
"do_hat[25]",0.094154947289922,0.0928814598988089,0.252300922104165,-0.399314695027413,-0.07019812414745,0.0907622684284602,0.25338953993056,0.603377829966841,7.37869585880225,1.1602140226188
"do_hat[26]",-0.0337881367910813,0.0159924645403269,0.20207637811646,-0.456449033188051,-0.157183276544469,-0.0288894234726443,0.10008866074654,0.345651082605814,159.661536972358,1.01474875919923
"do_hat[27]",-0.0266128965719967,0.0237685672448063,0.195015926980201,-0.417499930297263,-0.152273686485157,-0.0258565905232194,0.103541415167995,0.351128338338008,67.3184575292004,1.02252596336577
"do_hat[28]",0.141954245290596,0.126019093350816,0.299155086664853,-0.439026620898435,-0.0530507256196339,0.135363028246612,0.324955221576701,0.761057881157679,5.63533945891398,1.22621498730893
"do_hat[29]",0.133949959219,0.106410676757126,0.279866057529161,-0.379685839647272,-0.051232383069775,0.1205140865855,0.30125261021988,0.732284120329197,6.91719548554165,1.17507769577749
"do_hat[30]",-0.0343549062173139,0.0205114396183215,0.194973050978576,-0.431040196823843,-0.158243242762985,-0.0317376085764956,0.0949160248958528,0.341926643330849,90.3559777029245,1.01804969328397
"do_hat[31]",-0.01592066092391,0.0158804921090123,0.196039547670263,-0.404761644678069,-0.144596695622995,-0.0145008117035508,0.11361506557037,0.366332207817442,152.391053318005,1.01395680759984
"do_hat[32]",0.102178504557774,0.0788029727382581,0.251614284569974,-0.354817184180185,-0.062892624175743,0.0881464218431774,0.250339577611472,0.649280566787816,10.1949566685852,1.1116425047401
"do_hat[33]",0.15224749824344,0.138529358324323,0.320732926874587,-0.466801276340186,-0.0554400486291332,0.142642470841746,0.34389789868058,0.827842744343505,5.36047715933292,1.24358135978248
"do_hat[34]",0.170998207724529,0.144821264146554,0.333151251423742,-0.455843507210549,-0.0483617728728325,0.159129341187985,0.370962570967894,0.87015474782164,5.29198043235355,1.24774158777153
"do_hat[35]",-0.0135817498696869,0.00177708132284252,0.194626463317529,-0.408950720793957,-0.137559373578571,-0.0116627270527707,0.114268160319784,0.361152835947943,11994.6941048751,1.00213706358579
"thermal_hat[1]",-0.266917345633992,0.00166677900363501,0.260762553301513,-0.816024163423932,-0.422749465420652,-0.259743568623296,-0.106237471728625,0.242895292540057,24475.6597766614,1.00170481129568
"thermal_hat[2]",-0.392789853099452,0.00938371524494194,0.340825528773527,-0.975023539775,-0.632343861925609,-0.430623786279647,-0.178999690818531,0.362959681695191,1319.21200147961,1.00420457680902
"thermal_hat[3]",-0.646346339133352,0.00260735159122127,0.292431796526275,-1.23187946689127,-0.83055734579677,-0.647679227448659,-0.462765096085011,-0.0608505660931888,12579.1121332123,1.00086161338084
"thermal_hat[4]",0.0697154754930949,0.00531417059714139,0.265621502340292,-0.4448080397581,-0.0921188314828135,0.0587576927869376,0.22415858695381,0.644523571961213,2498.36261815226,1.00616380230179
"thermal_hat[5]",-0.475409477725048,0.00189009760643705,0.274944461387405,-1.03725021438519,-0.644110743094853,-0.473867570675527,-0.304670170121072,0.0752808949482776,21160.2837294552,1.00189554991487
"thermal_hat[6]",-0.155672696693917,0.00675646672809768,0.303495574622969,-0.871332333173109,-0.319709532142066,-0.111519107318255,0.0503383361729107,0.340555170686563,2017.74110211487,1.0029051137066
"thermal_hat[7]",-0.650069965169607,0.0113670555223939,0.296675026834181,-1.25310103183218,-0.833681251811922,-0.650594527778766,-0.462853722740172,-0.0614841291658914,681.186477482061,1.00865521922783
"thermal_hat[8]",-0.610715710418524,0.0610656336272948,0.327831042029771,-1.36355540466053,-0.798471799270299,-0.565380210840279,-0.383910879135605,-0.0729968102467622,28.8208252882304,1.0454458472143
"thermal_hat[9]",1.20034762931349,0.0034345249268938,0.340626746384522,0.546419983730913,0.973361676393723,1.19269544888517,1.41907995049611,1.8952704223323,9836.12744188818,1.00461021526804
"thermal_hat[10]",0.439494011936626,0.00643322913336742,0.298913069807578,-0.0647355275315748,0.235532301172638,0.402235615475288,0.60827312244531,1.12374967092688,2158.89623752538,1.00439403655184
"thermal_hat[11]",0.144168720141536,0.00316078232905039,0.273309972226677,-0.452299592055129,-0.00674608165975518,0.15517353543686,0.307023121226163,0.677133345796966,7476.90355528042,1.00145318877863
"thermal_hat[12]",0.452626712136535,0.0106189635561499,0.310088082145225,-0.0604358019012336,0.242153124512209,0.406341057165425,0.625125097144038,1.16607448176347,852.718900697547,1.01021202779707
"thermal_hat[13]",0.713528321713652,0.011510720224902,0.296931556108373,0.177514329962141,0.512438851065991,0.692687664679997,0.893093108929338,1.36251108626486,665.438175123178,1.00801321359563
"thermal_hat[14]",0.752575660060809,0.00699870522582502,0.323510568726834,0.205162970279908,0.528813804835408,0.71442671167884,0.939454789211993,1.48601541905197,2136.69012107282,1.00636048161097
"thermal_hat[15]",0.00290975150003692,0.00244844765887595,0.264460013775113,-0.518453655400755,-0.15846228285886,-0.00755088076107319,0.156921638565901,0.5655590634233,11666.4408533986,1.00295989012419
"thermal_hat[16]",0.231034824339522,0.0108494151469343,0.332845636882646,-0.283359967798942,-0.00278587960522417,0.172170018980472,0.415813033692529,1.01330532688541,941.180848939124,1.01068466735871
"thermal_hat[17]",0.955012671290717,0.00348778592144379,0.325243905531747,0.359136522118772,0.736080192405951,0.935032386046033,1.15209983631941,1.65521417925308,8695.98324438788,1.00149016438558
"thermal_hat[18]",0.00731821744425553,0.00568024722872375,0.309062148367273,-0.75944331160246,-0.143017728197684,0.0467604230769062,0.201465157811702,0.521012748581511,2960.44612010687,1.00236308025422
"thermal_hat[19]",1.73088151933278,0.00520920638786388,0.418628965193083,0.926444032203165,1.44856457912344,1.72446694410236,2.00696216721138,2.56947739717711,6458.25842822971,1.00173958484401
"thermal_hat[20]",0.96367333935316,0.00746822955548745,0.358985357419276,0.19843568241305,0.74669668369175,0.980558243617158,1.2011998146219,1.62165870089848,2310.56479477682,1.00406868786885
"thermal_hat[21]",-0.0869408698543553,0.0105551757707589,0.319920402811234,-0.598117841399459,-0.304528560845553,-0.133332339389473,0.0843269800979277,0.682510757209809,918.656043083415,1.01057014934954
"thermal_hat[22]",-0.344743154921313,0.00201556958735838,0.271411002383818,-0.928302307361115,-0.498267804827456,-0.335596416955713,-0.17893602209361,0.180597826011762,18132.5675707021,1.00159162881148
"thermal_hat[23]",0.135898069748824,0.00341024157327941,0.272379871181396,-0.371439969523837,-0.0360931820318101,0.115127830201205,0.285531128860085,0.740561048696188,6379.39849189508,1.00342636258952
"thermal_hat[24]",0.635410877152816,0.00177970597414247,0.281620427573881,0.0872680693793872,0.456545070412803,0.629885024214374,0.809678130224678,1.21861250263398,25039.8538946595,1.00039954871405
"thermal_hat[25]",-0.693497409720522,0.0030614809796866,0.300964704343158,-1.28196746933325,-0.888136369158382,-0.69559395817028,-0.505069580729769,-0.084955459972523,9664.24657612748,1.0002843000465
"thermal_hat[26]",0.211846549899247,0.00550382930010879,0.302383043666649,-0.288584289643335,0.0103311810698199,0.169868802450619,0.372398684139303,0.924071930761615,3018.45674352884,1.00202948835782
"thermal_hat[27]",0.243797444166586,0.00250132547920461,0.265434972884905,-0.31321015363795,0.0865960860256081,0.248758838793374,0.410080284098632,0.766654965368086,11260.9718601507,1.00241516427456
"thermal_hat[28]",-0.968731706151702,0.0173678418947956,0.322947525252081,-1.66073309214953,-1.16655490854811,-0.952974209772534,-0.751121876504871,-0.374177363719352,345.757976506657,1.01006702179384
"thermal_hat[29]",-0.826665925452091,0.0579733711684483,0.344979066786884,-1.59953287376678,-1.03099412426982,-0.785700845267246,-0.588272616701101,-0.244067008418441,35.4101996289944,1.03947287848748
"thermal_hat[30]",0.238901405001201,0.00284515787097526,0.269694063332283,-0.28179288790673,0.0729640607700241,0.230288769162017,0.394536015000845,0.814337632645028,8985.24729689337,1.00466123370053
"thermal_hat[31]",0.192586504071328,0.00807486179164426,0.295287427695626,-0.465379085417263,0.0184640181305426,0.222792322122283,0.391946505642579,0.706265897062614,1337.27189651626,1.00744917567051
"thermal_hat[32]",-0.608832937764496,0.0237846976596931,0.366562778983084,-1.47704868599683,-0.820510185001626,-0.539146196148135,-0.349176325124989,-0.0485438059977176,237.52069654319,1.02004219324716
"thermal_hat[33]",-1.05878224049964,0.00525168129601531,0.36681466101722,-1.8939339648518,-1.26964236397739,-1.02447011351639,-0.812625916929139,-0.420937754561646,4878.61611135863,1.00208103779617
"thermal_hat[34]",-1.12028004082434,0.0455337513953177,0.359032930456631,-1.90049749918729,-1.34284818532203,-1.09262073404096,-0.873619855353081,-0.480315117260794,62.1729828086989,1.02553336993205
"thermal_hat[35]",0.10355526411114,0.00543373725984668,0.308569400733113,-0.410613238106308,-0.0909013915981971,0.063394557122555,0.255441836002815,0.85797633625261,3224.84202146331,1.00180130751312
"trout_logit[1]",0.782756911875217,0.00518316867815358,0.759092855590497,-0.585554201027644,0.291684409525597,0.728892017237672,1.2082798244665,2.46475798993222,21448.6085379954,1.00031203244258
"trout_logit[2]",1.1214487305151,0.028357278157895,0.967748792784657,-0.802272207299039,0.480792847532773,1.14812377383705,1.76548401765584,2.99694763916372,1164.65203534675,1.00736477084622
"trout_logit[3]",1.77632373965168,0.0106657246490174,0.958464014644039,0.0789462679696051,1.12379427494552,1.71170716171874,2.35516768490964,3.83239925339708,8075.52728646945,1.00137821801827
"trout_logit[4]",-0.0691083119373249,0.00828353225671123,0.718883893023737,-1.50992658282206,-0.49761138328675,-0.0723425235830402,0.358137480484062,1.38332018079063,7531.58480752079,1.0048136080315
"trout_logit[5]",1.31613216306382,0.00821801255779648,0.841080855421699,-0.188204210798019,0.760414000561689,1.26094325851723,1.80955232738826,3.15185380976387,10474.7072574171,1.00478673172304
"trout_logit[6]",0.448920803540087,0.0167950278070012,0.816347984180556,-0.903478233868183,-0.110260940484859,0.351559433065929,0.907742932099739,2.31755089044921,2362.5945342248,1.00202897099859
"trout_logit[7]",1.7688926576412,0.0724253749673549,0.945779622250669,0.113415683056143,1.13395641125635,1.70284411220026,2.32921252658075,3.8155281198269,170.529060838476,1.01356706885442
"trout_logit[8]",1.63262683589818,0.106588261706662,0.971730791000435,0.130107737473909,0.960944953113906,1.49462758544158,2.14364985289506,3.93585817001866,83.1138058566925,1.02106576159467
"trout_logit[9]",-3.04334580212678,0.013395033249996,1.28170311010171,-5.83841254130565,-3.83950531522613,-2.94411874575245,-2.1267295359895,-0.819085851973135,9155.60998977392,1.00042919716872
"trout_logit[10]",-1.03557576382507,0.00899534592908745,0.823664574591771,-2.94524382539342,-1.4800433449881,-0.944249114335169,-0.482092529896261,0.339144516069104,8384.2657684561,1.00122484156585
"trout_logit[11]",-0.335834710553199,0.00783181573409235,0.76169600053932,-1.90817494270928,-0.788849231223698,-0.333980563557416,0.120732321486974,1.19467615005657,9458.85196621309,1.00033472695484
"trout_logit[12]",-1.0619656591635,0.0119481829718577,0.840097315137046,-3.01358722624608,-1.51365945484696,-0.955465222209471,-0.499139245164838,0.305297041871597,4943.73819899221,1.00358905313874
"trout_logit[13]",-1.76043511664553,0.00654123235052482,0.941474400673269,-3.8679202761664,-2.30445905617426,-1.66561134420181,-1.12450010955449,-0.154985007075315,20715.617316772,1.00037613929463
"trout_logit[14]",-1.83692084201024,0.00660329212177012,0.951976920577146,-4.03846118816549,-2.37137891723747,-1.72958624135772,-1.18463356349766,-0.267092939870308,20784.128485107,1.00022118314611
"trout_logit[15]",0.050731898270987,0.00521205837164602,0.72342423461975,-1.50083442196699,-0.357023059620546,0.0703435353279314,0.499151374908312,1.42479929353091,19264.9357609717,1.00194619676641
"trout_logit[16]",-0.476221652473335,0.0217585692945929,0.844352728164201,-2.44726318383215,-0.930735469295752,-0.357077678156666,0.0834818240984753,0.902772525951731,1505.86885412936,1.00745825576815
"trout_logit[17]",-2.37766490294094,0.0078018136865265,1.06616859592403,-4.73953611007908,-3.01062294732068,-2.28266248542956,-1.63672582584257,-0.553382559892294,18675.000529146,1.00117105918173
"trout_logit[18]",-0.0128938659340084,0.0124306569107211,0.798307130646818,-1.50000154521256,-0.519296550422942,-0.061126492943018,0.44891923676051,1.7217848924947,4124.31527862004,1.00138131198666
"trout_logit[19]",-4.4447939460839,0.0287140775920538,1.75596043937821,-8.25263367825991,-5.5660889483917,-4.31197901045598,-3.18292893784602,-1.38188796508114,3739.72541157261,1.00292368679737
"trout_logit[20]",-2.48391555359033,0.024282889530137,1.28266902280877,-5.186329499697,-3.29972867095667,-2.43422621537472,-1.60227446434249,-0.132039120854591,2790.15599243573,1.00205099591153
"trout_logit[21]",0.371750622640253,0.0414138984821372,0.828826746017242,-1.38965209053754,-0.125964519038867,0.411410999987688,0.904896567794303,1.93660408469634,400.53021636772,1.01209253807819
"trout_logit[22]",0.970267186300256,0.00628522478467059,0.793468418194388,-0.439061617140358,0.454984995254331,0.90713305772831,1.42118860799626,2.75581857442159,15937.4069546711,1.00256071884037
"trout_logit[23]",-0.272869681633929,0.00879624851360204,0.750784206697054,-1.90621946560428,-0.683723789091949,-0.23028538978561,0.193220170140683,1.12532529889782,7285.09593765792,1.00404315801001
"trout_logit[24]",-1.58627947340078,0.0100224920976198,0.926882378017831,-3.57774912680715,-2.14569722894253,-1.52895642208348,-0.957792116971408,0.0502120000513683,8552.5930083369,1.00102301882364
"trout_logit[25]",1.90048201884417,0.012720157785057,0.991782256626104,0.136659001040533,1.21027723404252,1.84527113820793,2.51230583583187,4.03025451777064,6079.21736008099,1.00319839624743
"trout_logit[26]",-0.444395037723882,0.00949464267478226,0.786730413167781,-2.22959334738151,-0.871540888784991,-0.363838509949519,0.0689173214849439,0.920913159448869,6865.85502153368,1.00150801956922
"trout_logit[27]",-0.58513271541894,0.0113347633290318,0.778372203811804,-2.20504022077525,-1.05430884845081,-0.572930417986715,-0.0897436946688059,0.922070340540994,4715.7386082046,1.00529381945027
"trout_logit[28]",2.57248629582882,0.00824917780445472,1.09208639196911,0.748948572207765,1.8060132070671,2.4635509874009,3.22439239947493,5.0122739230162,17526.3976897251,1.00056770895035
"trout_logit[29]",2.1859115409875,0.0836573201962482,1.06197851721588,0.513807322901399,1.44738887940418,2.03890274179948,2.76096173904991,4.68191425639488,161.14749749998,1.01408211854792
"trout_logit[30]",-0.504522575867553,0.0049433147513702,0.727604334848933,-1.97685118950743,-0.947583978241513,-0.502353372233716,-0.0587398260328419,0.953395943210144,21664.7672669554,1.00187581154777
"trout_logit[31]",-0.429845050054572,0.02992837923669,0.848010089072905,-1.99102683858562,-0.991795496041398,-0.475990883385377,0.0817456093623983,1.36830242366783,802.852273858159,1.0100870382329
"trout_logit[32]",1.59491279953484,0.0307126903424613,0.998249143067341,0.0952836811008592,0.90124512985298,1.43446950160519,2.12351159852795,3.96278507545981,1056.43351357868,1.00971834805718
"trout_logit[33]",2.78278909034871,0.00865049034328568,1.15836839379557,0.868377269985128,1.97092337672622,2.65971404035003,3.46375281110281,5.40112764539852,17931.3070433651,1.00161538179492
"trout_logit[34]",2.95334065782765,0.0169190557492514,1.21432267079749,0.991750517719104,2.09947134454378,2.81983743929451,3.64000032464858,5.73311598430843,5151.28956761269,1.00428342218913
"trout_logit[35]",-0.122642425908091,0.00825541958381352,0.757956629292949,-1.76266867604361,-0.554638597225295,-0.0953001564686065,0.342639205666547,1.32841777160217,8429.66680739729,1.00091146078273
"conduct_rep[1]",-0.38498742681972,0.00323709763271599,0.501920624969974,-1.42166472329932,-0.643186507881355,-0.394221023646068,-0.133079683081842,0.68206369821731,24041.3298961529,1.00014892245897
"conduct_rep[2]",-0.59247522263638,0.0169859951216553,0.599564789349712,-1.50206870233345,-1.02746340469279,-0.719450990039227,-0.239742609926891,0.802918816128997,1245.92026628754,1.00558436650363
"conduct_rep[3]",-0.894234893857498,0.00794203616062163,0.540245450020652,-1.85359701205226,-1.20798500636618,-0.991737976323098,-0.616710216923643,0.376061488907086,4627.20260339708,1.0015132362241
"conduct_rep[4]",0.0479342275707435,0.00336881978196932,0.509967185376789,-1.01645748788189,-0.20901563166433,0.0350649281573616,0.305464013552761,1.14242324037796,22915.4772244353,1.00215945796257
"conduct_rep[5]",-0.665950594438501,0.00538003533980335,0.518904132712855,-1.66368627047195,-0.945198230469742,-0.727330801444058,-0.404960188841329,0.509712392297127,9302.59261085267,1.00353147935366
"conduct_rep[6]",-0.207006168137041,0.00678165613873434,0.51931121678732,-1.4148675276344,-0.478886147059325,-0.119628326858551,0.0894909516850829,0.730489036413622,5863.8638193492,1.00081972847245
"conduct_rep[7]",-0.892952159517142,0.020764718011573,0.5359679145046,-1.85812045478893,-1.19840632530285,-0.981532251805729,-0.616510286474113,0.347255699358999,666.232029529742,1.0097268665871
"conduct_rep[8]",-0.807227807670832,0.0485871195078237,0.532653421044779,-1.99045199951597,-1.08128137602013,-0.75399019594077,-0.52770923361898,0.250656895974691,120.184133348587,1.01551498612805
"conduct_rep[9]",1.55171572125401,0.0101133492815513,0.572109267265955,0.18206922990945,1.25599449751748,1.66770911607912,1.89917131622642,2.5118126278379,3200.13243941649,1.00168167328469
"conduct_rep[10]",0.521933612302869,0.00377487871120451,0.510668159616851,-0.482601929758946,0.258838043268273,0.473592435130448,0.782641629287036,1.66606171971965,18300.8624276772,1.00071050768606
"conduct_rep[11]",0.171315420101924,0.00417039356166153,0.518775020980229,-0.995410950874394,-0.0878797205692539,0.216195311695875,0.448034878986344,1.18328587744425,15474.0512310737,1.0001700544729
"conduct_rep[12]",0.53061589882642,0.00484846175442281,0.518197665581832,-0.470032964027359,0.256485386255896,0.47556069247997,0.797037751950708,1.68885058204551,11423.0731025387,1.00304997030885
"conduct_rep[13]",0.892604283911295,0.00348051692974932,0.512513031177204,-0.242931479036688,0.635584918474278,0.92126764579546,1.15950868867665,1.95195416178373,21683.1474625973,1.00079022565822
"conduct_rep[14]",0.931062007598333,0.00318806397041132,0.507717583106781,-0.135561499098938,0.67546250058085,0.920309481143008,1.18922210402416,2.01081214269157,25362.400347196,1.00031376972213
"conduct_rep[15]",-0.0270907733822697,0.00333703861206206,0.509762439472048,-1.06878266574146,-0.289690627516755,-0.0635171723375872,0.236918719600829,1.09949798807542,23335.2899371171,1.0014336781452
"conduct_rep[16]",0.226220881223182,0.0106987870946853,0.535298716467993,-0.710743001032424,-0.094073469770513,0.125603509274697,0.512931958449021,1.46751095071157,2503.36002984839,1.00483602424487
"conduct_rep[17]",1.21439036277428,0.00472522674738468,0.518820743429125,0.0295225692624581,0.947208598172025,1.27546966519988,1.49579885359983,2.21095947533631,12055.6146074381,1.00094750355651
"conduct_rep[18]",0.00995250027889339,0.00628476605609467,0.529805748470399,-1.21565082635203,-0.256364690284293,0.082288635852983,0.294875011009088,1.0138757015343,7106.4891936306,1.00068672883292
"conduct_rep[19]",2.2719731187744,0.0205873615622082,0.693479422122986,0.594045099903914,1.87701100885631,2.44255709507516,2.79129283044071,3.23394196733141,1134.66007469208,1.00612834661518
"conduct_rep[20]",1.27604648104304,0.0156077898373962,0.63098019495898,-0.253278922389285,0.925592861325671,1.42650539705785,1.71343480466778,2.22225734281567,1634.36344009231,1.00385649622204
"conduct_rep[21]",-0.187146683879301,0.0134108203294049,0.552574968022563,-1.13365682286145,-0.519564225869914,-0.296543632376677,0.110538345347789,1.10455537560264,1697.7421310667,1.00731171892056
"conduct_rep[22]",-0.481393287153785,0.00326842432103562,0.51332559562359,-1.54186541512444,-0.739192544314391,-0.505366585356008,-0.222300512487673,0.633936576215051,24666.5818943381,1.00171662450483
"conduct_rep[23]",0.138232698538848,0.00371148715368454,0.508594711317895,-0.895800574994919,-0.121399893790389,0.102138215323622,0.399004846121709,1.26523658622381,18777.9317482795,1.00107878963837
"conduct_rep[24]",0.807783485843139,0.00592242625840342,0.529371771072248,-0.42132722787494,0.534024422370162,0.884381825499307,1.09889880109693,1.78093913227049,7989.5484278313,1.00091808696289
"conduct_rep[25]",-0.961664787335469,0.0101619762583672,0.556244754851068,-1.91529158159463,-1.29909375267775,-1.07116493596554,-0.669738362008479,0.36523538740696,2996.23246735443,1.00331433681641
"conduct_rep[26]",0.216219932505762,0.00484219535321309,0.521255255640821,-0.771509590553655,-0.0668420553352119,0.147488921253355,0.480096471695886,1.40747891586227,11588.2079628333,1.00056778876776
"conduct_rep[27]",0.30079471101858,0.00513075343084169,0.520318265644696,-0.869848068884484,0.040689607985582,0.357773019158192,0.573637190658829,1.31541072781706,10284.3264905975,1.00221222719122
"conduct_rep[28]",-1.29257096857033,0.00497998026628022,0.5289570983424,-2.31448141482356,-1.57670164961163,-1.3562725604764,-1.03068244299103,-0.0798244060511046,11281.9885700635,1.00073097148198
"conduct_rep[29]",-1.08848962872398,0.0330129908080578,0.524077727717046,-2.21735339518901,-1.35574091334304,-1.06414672164417,-0.830083093326956,0.0148974706322084,252.012257603298,1.01133997253214
"conduct_rep[30]",0.27564138681109,0.00332350913696134,0.504418511187168,-0.804923751742547,0.0138527183394661,0.293150297234553,0.52838375933293,1.34007983909153,23035.0032459789,1.00165278061791
"conduct_rep[31]",0.249438993618481,0.0119728950651627,0.541854070735501,-1.00892150498473,-0.055790739112889,0.350976207771089,0.587859658613112,1.19222817809371,2048.1715456795,1.00608529960228
"conduct_rep[32]",-0.782909410074317,0.0169401282737108,0.532452250710233,-2.00413518530817,-1.05876669867313,-0.699160930841596,-0.483621095673793,0.201196430841696,987.934029941348,1.00771068368758
"conduct_rep[33]",-1.40399065271426,0.00450509211592169,0.526032125882872,-2.45678920817691,-1.67917250522901,-1.44952304615675,-1.1385863280614,-0.234378475051119,13633.8083726844,1.00173785617777
"conduct_rep[34]",-1.48284175834259,0.00904125466977586,0.520048373200766,-2.52561602402797,-1.75549501610628,-1.51195396038461,-1.22821053004083,-0.31827743629696,3308.49192879826,1.00608010728381
"conduct_rep[35]",0.0747372575153341,0.00541240663901574,0.520863763441494,-0.911192546899271,-0.205892056335885,0.0156841534627842,0.333126465016034,1.25998473703009,9261.20404839779,1.00063725523913
"depth_rep[1]",0.197023508939135,0.0365543724066819,0.950194572338528,-1.7334508474657,-0.418597948291286,0.208127725526129,0.82446118023366,2.03355314586671,675.688343196349,1.00856767263566
"depth_rep[2]",0.28457377410917,0.070400089764232,0.962713041020163,-1.65626997992924,-0.343033494602982,0.29529538614037,0.919616138874647,2.15097730238845,187.002444606624,1.01413718292957
"depth_rep[3]",0.44096251472496,0.189334012830595,0.97990382363182,-1.5993016550675,-0.170283428009971,0.469825930289691,1.09344019737637,2.27531106948338,26.7861086053642,1.04375926389191
"depth_rep[4]",-0.0130483720713638,0.00617117062220203,0.938911266429581,-1.85898497854649,-0.629579929253824,-0.0136976678986473,0.598112965247631,1.86050288719255,23148.0276599448,1.00039965352225
"depth_rep[5]",0.309972530824575,0.120789041937934,0.950889794416093,-1.60176181399327,-0.295994932256274,0.320458255191826,0.9351410064079,2.15775742138219,61.9733966064157,1.02469145903833
"depth_rep[6]",0.122203579768064,0.0066362401167958,0.940574762825853,-1.78041797423348,-0.484673121435829,0.130453617390263,0.741422936184284,1.94605417645576,20088.2664554924,1.00209971557763
"depth_rep[7]",0.415510784146659,0.181601104499867,0.981175071961639,-1.6152175492122,-0.208010281613274,0.444914908829416,1.06988263721841,2.26460807823364,29.1914750527635,1.04111267879732
"depth_rep[8]",0.446361936237629,0.185001305161834,0.987862201465324,-1.59173131363894,-0.188158907901138,0.471379134037765,1.10330444623797,2.3300643888788,28.5130156265428,1.04400479253992
"depth_rep[9]",-0.724647547623523,0.360181051531845,1.07696215559533,-2.68525426809473,-1.45536930009168,-0.788873280164119,-0.0613594266352913,1.62768927160521,8.940445531955,1.12857972509043
"depth_rep[10]",-0.230625278396506,0.0986539425198483,0.959666154086772,-2.09251736149872,-0.855393046899882,-0.251898928869172,0.375035175771634,1.72697514673267,94.6262141506227,1.02027274907345
"depth_rep[11]",-0.0680063715942245,0.00621523608024,0.933926034319269,-1.92081095394573,-0.677702996884086,-0.0717539572816814,0.539046910441103,1.77780813831847,22579.2600232878,1.00159558769046
"depth_rep[12]",-0.257445305079612,0.101879777482956,0.955356165664217,-2.11140563114218,-0.891049452484137,-0.270164530695814,0.356096518960596,1.6911753700179,87.9335580006572,1.01998868502006
"depth_rep[13]",-0.415235660884992,0.200984975495527,0.98734889372937,-2.25004545733402,-1.08339462068433,-0.45361970928745,0.213996903739406,1.66036259414128,24.1331549505232,1.04894693745112
"depth_rep[14]",-0.439574912125334,0.212665581929242,0.98370496519015,-2.31090485410177,-1.09926615456219,-0.475495648470036,0.180768828243357,1.58116732983157,21.3961340086089,1.05347533966327
"depth_rep[15]",0.016340288040177,0.00606697725208154,0.938793919472685,-1.83263383424705,-0.602682676888929,0.00966676065297562,0.627815324483505,1.87135096159913,23943.9503293196,0.999920104940516
"depth_rep[16]",-0.134927060094114,0.00730376813234924,0.943237938444232,-1.98813594395329,-0.749059028082862,-0.132539420234631,0.46947105079574,1.74471610327828,16678.1765114292,1.00384407276423
"depth_rep[17]",-0.550598520945649,0.276497678663176,1.01700994041133,-2.41682467492282,-1.23016985658989,-0.587091423378681,0.0800659573665364,1.60342141798854,13.529053573422,1.0824015187389
"depth_rep[18]",0.0160726242146664,0.00640223981771847,0.940008309307499,-1.82107824878416,-0.601347057206773,0.0104725118116082,0.630479678449065,1.88377353240723,21557.5553098115,1.00012874982647
"depth_rep[19]",-1.02606400845179,0.524002121222135,1.20840030138694,-3.1832180672296,-1.86019207881314,-1.12178363977169,-0.270862650813063,1.5790717122024,5.31808849295071,1.24351303444662
"depth_rep[20]",-0.578458980823609,0.284798270090653,1.03006732516251,-2.48420908831666,-1.26768738741259,-0.612986295475396,0.0731816522420219,1.5829525905601,13.0814693565436,1.08602505470684
"depth_rep[21]",0.0885751550044177,0.00686727440094631,0.941466251967229,-1.77566404379196,-0.527028692094902,0.095842265689549,0.70828356609494,1.93653709254667,18794.929943243,1.00075711700093
"depth_rep[22]",0.231204006469888,0.062607966536397,0.947459238554888,-1.69306816038171,-0.374728636723314,0.240001219104399,0.854781412636302,2.06256209489112,229.013915967504,1.01254945869679
"depth_rep[23]",-0.040994069966621,0.00607963439164571,0.940549077456408,-1.89265680992177,-0.650947956624372,-0.0406778925265475,0.572911472546872,1.82285720143593,23933.5982902978,1.00110345208084
"depth_rep[24]",-0.365088660783896,0.176058356526128,0.973103073605535,-2.20580656772079,-1.01243532085443,-0.395932498255473,0.253292995616869,1.64833191331005,30.5495207557355,1.03936833242458
"depth_rep[25]",0.46152556440068,0.198044505105162,0.996274863594425,-1.58394032166124,-0.169967083782824,0.493638295568227,1.12849983232749,2.3446027781761,25.3065388918515,1.04602527049635
"depth_rep[26]",-0.075857708452592,0.00718142758758157,0.941915638068772,-1.94296279901581,-0.689869857709379,-0.07149049621281,0.541151511282728,1.77788441011601,17202.9308312391,1.00235755024554
"depth_rep[27]",-0.11435005656279,0.00882476794526381,0.94064138455573,-1.95612548963927,-0.729047170809618,-0.124096117476952,0.492350770849796,1.77501201165467,11361.6544346698,1.00463392867879
"depth_rep[28]",0.640431562241478,0.297430193232635,1.03020942114966,-1.55463476763669,0.00725920207577198,0.695989444482367,1.32933344225805,2.53064960484544,11.9972284235825,1.09392850989546
"depth_rep[29]",0.573544209384076,0.256680390075753,1.01816253100617,-1.55435241157814,-0.0653387190006496,0.608458076008844,1.25869492711125,2.47449154193619,15.7343512186518,1.07132419733842
"depth_rep[30]",-0.123911347344298,0.0187965661080043,0.943880766674557,-1.96365113714795,-0.746036222389043,-0.140476654756402,0.475912590049171,1.80351936507332,2521.60606457867,1.00686082741172
"depth_rep[31]",-0.0720505771019337,0.00794439479079462,0.953146979169484,-1.9357167718298,-0.700307355153888,-0.0811727595453692,0.552292279812097,1.79710340817083,14394.5507645265,1.00319541566619
"depth_rep[32]",0.429118450874517,0.183799485103069,0.983033344295363,-1.58589681849957,-0.198772986663253,0.45548131024404,1.08561934484316,2.30567283928302,28.6053929291814,1.04134415927114
"depth_rep[33]",0.682649718641374,0.310838331552009,1.03545405211488,-1.51599193139313,0.0470622481551527,0.74125198413002,1.37935397942957,2.59176221340891,11.0966662883864,1.10180260693856
"depth_rep[34]",0.757496171622965,0.337528408566417,1.06057463130763,-1.50368193749466,0.0995026194990378,0.812808740799677,1.47436183544681,2.71156493260256,9.87328801170526,1.11481757175064
"depth_rep[35]",-0.0157918589328495,0.00622044918156213,0.939872370625716,-1.85896376842795,-0.625931591718531,-0.0122058813012147,0.592884001759149,1.83620927515775,22829.3881881587,1.00055277785745
"do_rep[1]",0.0341691973948659,0.00710241976862382,1.06794330709087,-2.0697752395875,-0.665424258090735,0.0259792378843359,0.738295152231828,2.14868191348445,22609.1233712583,1.00222676049487
"do_rep[2]",0.0527708235048074,0.00741792891739637,1.06869970708135,-2.04174473622928,-0.654769464364668,0.0553715243474566,0.753572624836256,2.15779066156212,20756.1139352003,1.00272092151867
"do_rep[3]",0.0856906342359711,0.0330162095295368,1.06237482351769,-2.02868991544161,-0.614946485169514,0.0934567614648152,0.78677909522221,2.16605215455314,1035.38320539176,1.00833126317154
"do_rep[4]",-0.0157296646088962,0.00682404578460265,1.06252451066647,-2.12828659253833,-0.711788104001671,-0.0114637882930531,0.676545318394818,2.10439287341065,24243.4292226068,0.999914235076522
"do_rep[5]",0.0643258802865316,0.00777086383884313,1.06394431158786,-2.02870442046581,-0.63437850125003,0.0611923536356664,0.761639449708987,2.18537399366702,18745.5935077156,1.003981479911
"do_rep[6]",0.0248388220906405,0.00684867632864057,1.05219315698073,-2.03384093842504,-0.672142719395076,0.019660672685627,0.723205408268504,2.10540655507464,23603.5682747767,1.00054730435778
"do_rep[7]",0.0792900724316602,0.00747863790656235,1.06751969622069,-2.03022741707264,-0.632761672353238,0.0830422582575995,0.778527329162336,2.16908735843955,20375.4298892796,1.00589061881033
"do_rep[8]",0.112539720710805,0.0191718656184017,1.06813568242302,-2.00518732228264,-0.580402086872953,0.122150864448609,0.81570380564788,2.22237432319193,3104.01702397871,1.00588968710424
"do_rep[9]",-0.171254615659285,0.114765702797699,1.10324474630306,-2.34123832665672,-0.896100713712682,-0.175619679605232,0.555523157808981,2.00814355244264,92.4101116384552,1.01801879258581
"do_rep[10]",-0.0687279173548354,0.00699863250313699,1.05972304160853,-2.17264916591675,-0.768982305728357,-0.0650414259988496,0.636506982729825,1.99914612318433,22927.5883614818,1.00178478733733
"do_rep[11]",-0.022854772195967,0.00696889213298315,1.05720933803623,-2.09095208212329,-0.720348346979404,-0.0242972626678212,0.681721799897751,2.0596109639136,23014.1265121118,1.00004129973494
"do_rep[12]",-0.0798444322175016,0.00750924302318266,1.06266684942889,-2.18636143023413,-0.778555404563873,-0.0753282029461182,0.626967092220008,2.00919918334154,20026.3566359836,1.0022873505243
"do_rep[13]",-0.105769617754797,0.0192142134105799,1.06833275280629,-2.23008187057196,-0.815077872102759,-0.104096268063863,0.60400041904619,2.00028330169137,3091.49014326753,1.00679058589462
"do_rep[14]",-0.104632327511465,0.0148027375118287,1.05683644247004,-2.17726501435713,-0.805151694112729,-0.106960489041248,0.592052399090189,1.97601024383146,5097.19777307456,1.00587592880911
"do_rep[15]",-0.0123377587917961,0.00683637038649302,1.05541753030996,-2.10055600274884,-0.707481532103236,-0.0136372571725565,0.688967257808052,2.0626605735754,23834.0276272084,1.00003319512942
"do_rep[16]",-0.0426552047033952,0.00700984993832332,1.05646220154375,-2.1377604098195,-0.73084501224146,-0.0464633958586997,0.662617456842993,2.02321070813511,22713.8359428855,1.00124934988699
"do_rep[17]",-0.132198918792819,0.0736326211081842,1.08159193497865,-2.26212141538355,-0.849990434124377,-0.127813459922251,0.590620549290824,1.98302123463894,215.767664000275,1.01273732004554
"do_rep[18]",-0.00928826965149978,0.00693488857160931,1.05602533628087,-2.08485078014512,-0.708655837679361,-0.0229047509387285,0.690001558507799,2.09763021202868,23188.3422268526,0.999984071944308
"do_rep[19]",-0.23394456701292,0.204191334267921,1.12767623332747,-2.47728131200289,-0.976698299218282,-0.232627716580489,0.516916263801739,1.98589909269137,30.49960682719,1.0396506409805
"do_rep[20]",-0.116878807254242,0.0744589580867329,1.07530200598894,-2.20842106203267,-0.840564938834681,-0.119954348604742,0.603311889860792,2.0138045571216,208.558071528438,1.01298376970492
"do_rep[21]",-0.0014776313694001,0.00680686091926408,1.06045753687388,-2.08104762977719,-0.711525259913732,-0.00829687080376005,0.703176414577966,2.11347401461276,24271.2873603895,1.00003173215324
"do_rep[22]",0.0545347667493819,0.00724508916558206,1.06383323725689,-2.06405640211008,-0.645169936311304,0.0591403920502046,0.760417322016804,2.14014502335892,21560.5403141416,1.00242230802019
"do_rep[23]",-0.0143321735914533,0.00682696262171662,1.05459118766139,-2.09675415233952,-0.711682063516865,-0.0154199305407475,0.676875807630125,2.08307646258373,23862.3507927719,1.00019415296301
"do_rep[24]",-0.0790979658225006,0.0117191078591318,1.07545300580787,-2.19219880449584,-0.79772689404287,-0.0745295628818846,0.631491580785,2.04116666488348,8421.58376423775,1.00576063683412
"do_rep[25]",0.0994950325210508,0.021376422815508,1.0731423113738,-2.01326892184117,-0.616394325874959,0.0956385201552628,0.81488618990429,2.20931512733604,2520.2555204583,1.00703369578465
"do_rep[26]",-0.028392894099077,0.00711003641312468,1.0584513410573,-2.09875210017469,-0.736020942598373,-0.0339822244302878,0.670398165392987,2.07222538309587,22161.4486099977,1.00061886822429
"do_rep[27]",-0.0236437755418171,0.00695361449010711,1.05889541119195,-2.12233325556393,-0.717341539652358,-0.0205834625899701,0.669607094883578,2.08872725390285,23189.1544539844,1.00033682752962
"do_rep[28]",0.133588928487004,0.0736147576721719,1.08165063112673,-1.9773430344936,-0.593539456497683,0.130190410878466,0.860265690812608,2.26201278277533,215.895824219305,1.01218432307335
"do_rep[29]",0.136507668854932,0.0414205105538558,1.08574193752367,-1.99607347936916,-0.578693236911744,0.1384439345377,0.859412505101361,2.27164145628834,687.103768743637,1.00947843630943
"do_rep[30]",-0.0301990800537008,0.00691675327943477,1.06961662708074,-2.13148074025031,-0.729309716400514,-0.0351877484297354,0.669632406961679,2.07543810364018,23913.9722745118,1.00052929894044
"do_rep[31]",-0.0148166765302373,0.00696577359066741,1.06311938451609,-2.11319386581143,-0.717515882016967,-0.012654871682212,0.688722567960609,2.08240957825595,23292.9966974332,1.00086188478375
"do_rep[32]",0.110072041820422,0.0137660476793774,1.07525613088746,-2.00114708554291,-0.603062133098676,0.103658526665573,0.824607516779539,2.22354234069731,6101.06028264194,1.00561777576851
"do_rep[33]",0.153166527481842,0.0740013462595066,1.08892288949264,-1.98151675320153,-0.570173148285641,0.14849136396849,0.872495972081187,2.31948115561655,216.528472671361,1.01315403716556
"do_rep[34]",0.172075798826363,0.0877089646795093,1.09033171617011,-1.95253940220643,-0.551053072494893,0.167715289535847,0.88970116774975,2.33648671623158,154.53587706541,1.01553113974956
"do_rep[35]",-0.0158982938286973,0.00688815449270527,1.06276138349711,-2.11728578422601,-0.716458591956495,-0.0130029601448486,0.69108054517529,2.07134796757135,23804.867720653,1.00018920877804
"thermal_rep[1]",-0.260259848977832,0.00481880047145006,0.760243181324585,-1.77159737905694,-0.75791103543726,-0.258812558648345,0.23626050606488,1.23452132395815,24890.1308022366,1.00000120308251
"thermal_rep[2]",-0.390102335256529,0.00865345265752922,0.78902148775693,-1.96881254334582,-0.907509328380699,-0.381550615791048,0.139997888395814,1.13599909714688,8313.78553932961,1.00030321808882
"thermal_rep[3]",-0.648473239844449,0.00494933487299159,0.775233405914148,-2.19247210557973,-1.15985891671948,-0.638149471112615,-0.136614240709326,0.878369905912526,24534.1648531637,1.00001561093565
"thermal_rep[4]",0.068425768931696,0.00493361991020276,0.75755192658866,-1.43462753845543,-0.428444261019803,0.0738972191799391,0.563335294534535,1.55000632913947,23577.2657094868,1.00061223417591
"thermal_rep[5]",-0.472382532248127,0.00482472513693241,0.757905656052725,-1.97893038282548,-0.963862668406737,-0.478999309798611,0.0214558232652333,1.0249137204852,24676.5898469272,1.00007989305991
"thermal_rep[6]",-0.160399953088641,0.0066424683694417,0.779839494141148,-1.66194423490779,-0.684009177644255,-0.169485483290242,0.343636406873928,1.41380131143961,13783.2445435819,1.00032415022688
"thermal_rep[7]",-0.64877044478331,0.00519566244403719,0.768154321053779,-2.1573426476818,-1.15743915972846,-0.648303086976861,-0.139380555053052,0.874771416330804,21858.2354818252,1.0011090282375
"thermal_rep[8]",-0.609339278277074,0.0171338906732966,0.786412652848682,-2.1382696576275,-1.13059246455043,-0.618440316505742,-0.098963623642681,0.966348973756716,2106.63357632139,1.00728358210654
"thermal_rep[9]",1.20068732436944,0.0051437902531136,0.788442640439714,-0.368069315154377,0.683777380423776,1.20030566748174,1.72321235179924,2.75820524484036,23494.9056338471,1.00057967082994
"thermal_rep[10]",0.431027040297763,0.00610142109385536,0.778431481887757,-1.12691532887489,-0.0793669085392284,0.43772956183412,0.952468453951212,1.95095327858208,16277.1657157725,1.00086270372241
"thermal_rep[11]",0.144583457801927,0.00504551633645026,0.76555970146599,-1.33034574482956,-0.370964396372541,0.12998606907422,0.647969038713748,1.6762609224277,23022.2038714949,1.00005011566691
"thermal_rep[12]",0.441580059425351,0.00736435376533853,0.780631899225692,-1.12139740366532,-0.0732757302606732,0.455370324860721,0.967852352192235,1.9450197165777,11236.2993929837,1.00178604385859
"thermal_rep[13]",0.714957689006454,0.00526137880386282,0.77195688845615,-0.817951380583271,0.215285351507952,0.723099691041596,1.21556612168686,2.22596796714721,21527.1705801076,1.00152495675738
"thermal_rep[14]",0.751588239603018,0.0070774609996119,0.784196573755438,-0.802584878775873,0.232367695707735,0.759808193214795,1.27719151291421,2.27206093588196,12277.0750654753,1.00178633723136
"thermal_rep[15]",-0.00178360331262222,0.00490286707044077,0.75848462111351,-1.49093563312725,-0.501200152610534,-0.00978202250148036,0.495116435341347,1.51968429008014,23932.7895543392,1.00034297584989
"thermal_rep[16]",0.234061178359462,0.0090133834939892,0.788646912333464,-1.32485141694595,-0.294047838158025,0.249903958536316,0.762188776654162,1.76369714648697,7655.78124942642,1.0021705169968
"thermal_rep[17]",0.942708843709957,0.0056791217756353,0.793400511237297,-0.64925521732733,0.416231503988603,0.953611536228997,1.45984745216764,2.51475914706816,19517.4281613831,1.00017883550129
"thermal_rep[18]",0.0138329315185068,0.00679377529344042,0.781970004399602,-1.50240237170499,-0.510080423617407,0.0072731492597785,0.529369513036468,1.5783063504624,13248.2291665722,1.00086486307185
"thermal_rep[19]",1.72897714391551,0.00663963802673792,0.831809955528525,0.0789840910990767,1.18769673691136,1.7233822055536,2.2756018107472,3.37660858731474,15694.9313595999,1.00032182021283
"thermal_rep[20]",0.958102514495051,0.00739882728029745,0.805249564685167,-0.590722646658728,0.412850430473106,0.95445523179453,1.48668585335424,2.57023181036957,11845.0042003037,1.00055990737857
"thermal_rep[21]",-0.0882684795127035,0.00804056514381875,0.784309473795882,-1.64097453984841,-0.616256150260185,-0.0790197328137783,0.447204280539703,1.42902166784375,9514.8461882499,1.00161725918839
"thermal_rep[22]",-0.336397613652381,0.00490764820035303,0.768041424779765,-1.85679762860983,-0.845233388835888,-0.337449604982664,0.170962655618681,1.1739145928141,24491.8980375425,1.00012962228154
"thermal_rep[23]",0.131730551106682,0.00505297508105065,0.764642536584443,-1.38353358232194,-0.368570075695713,0.138097202546372,0.634096991693914,1.64635781953284,22899.3204584972,1.00044480675767
"thermal_rep[24]",0.637091404764985,0.00484975604321622,0.768748328353582,-0.873898262104506,0.131860527158626,0.633392756255867,1.13961659938343,2.16828505561945,25126.3024445014,0.999926632849301
"thermal_rep[25]",-0.697901995696277,0.00523122260506947,0.779710669193668,-2.24920851903152,-1.2082465829295,-0.691973597265978,-0.187485755768271,0.821991422998976,22215.7281217169,1.00016043669137
"thermal_rep[26]",0.205072645525962,0.00654056155296679,0.775696596251428,-1.36056423138799,-0.303133979143098,0.216072661302695,0.727624370546399,1.69103729983472,14065.4521380545,0.999873765821858
"thermal_rep[27]",0.242727925995226,0.0048906139824519,0.760978057054451,-1.2457951425776,-0.258486760444585,0.23440064260425,0.738031741494963,1.75742408785745,24211.2659127213,1.00034349388144
"thermal_rep[28]",-0.960506887159316,0.00548330319331273,0.785227513807695,-2.51134277445409,-1.47436752018782,-0.968224209960779,-0.444775952249572,0.605866173737765,20507.2061087589,1.00237698251113
"thermal_rep[29]",-0.825940842068775,0.0195562368986018,0.788404195017342,-2.36305164455964,-1.3490850276802,-0.839261464971143,-0.305000008208924,0.750369681689383,1625.27656702969,1.00703658935716
"thermal_rep[30]",0.244585274283673,0.00499572572250517,0.760150868487233,-1.27417372148318,-0.253553683043469,0.251391157050399,0.7450397234132,1.73739503459957,23152.7412913818,1.00035431442813
"thermal_rep[31]",0.192669964307416,0.00683990010835506,0.768940626545482,-1.31716634147985,-0.316104178494615,0.189066206943383,0.686974326465814,1.73190642390337,12638.2253809883,1.00092491393365
"thermal_rep[32]",-0.617454259842931,0.0116247753895067,0.803322846735206,-2.18460132347891,-1.1525183933195,-0.628532118449176,-0.0847688892314923,0.982190688545424,4775.41475028661,1.00350205630929
"thermal_rep[33]",-1.05687104822805,0.00650206448969096,0.802431385174801,-2.6004499413191,-1.59641815808266,-1.06857363545278,-0.520999721865695,0.529948049031291,15230.468688917,1.0001451650051
"thermal_rep[34]",-1.11904203165553,0.00776055528697773,0.803379193884878,-2.67945015513791,-1.64969019455169,-1.13296705291463,-0.599868823209574,0.502019401831147,10716.5640931524,1.00385543124123
"thermal_rep[35]",0.106666292050523,0.00682498584204768,0.78969440102051,-1.46636499241207,-0.41097494219886,0.121566663786298,0.629482589988289,1.61471785171014,13387.9662264282,1.00006107941338
"trout_rep[1]",0.666958333333334,0.00302049121983919,0.471311118605282,0,0,1,1,1,24347.8274445396,1.00015027647392
"trout_rep[2]",0.723791666666667,0.0041590375302941,0.447130428582958,0,0,1,1,1,11558.0022089138,1.00029432874279
"trout_rep[3]",0.818833333333333,0.00269543865303203,0.385164233629594,0,1,1,1,1,20418.9309064264,1.00011253454898
"trout_rep[4]",0.482916666666666,0.00322722772372305,0.499718485411956,0,0,0,1,1,23976.8213054018,1.00106327869774
"trout_rep[5]",0.759583333333334,0.0027325228522513,0.427345413445852,0,1,1,1,1,24458.5377379961,1.00032557230422
"trout_rep[6]",0.591458333333333,0.00364901886342712,0.491574451964196,0,0,1,1,1,18147.9005447556,1.00030444546079
"trout_rep[7]",0.818875,0.00259489917144419,0.385129737334982,0,1,1,1,1,22027.9018211692,1.00081840616169
"trout_rep[8]",0.801041666666667,0.00286049186562114,0.399224943843663,0,1,1,1,1,19478.4279274721,1.00241570749839
"trout_rep[9]",0.0787500000000004,0.00185821540051696,0.269353783113515,0,0,0,0,1,21011.3544488404,0.999953817187383
"trout_rep[10]",0.289458333333333,0.00289042912005771,0.453520425812972,0,0,0,1,1,24618.9233172039,0.99993518330034
"trout_rep[11]",0.426416666666666,0.00328784885263058,0.494566157902545,0,0,0,1,1,22626.9023245597,1.00002229822397
"trout_rep[12]",0.282083333333334,0.0029505497274506,0.450023071357604,0,0,0,1,1,23262.8907843926,1.00070710993408
"trout_rep[13]",0.182708333333334,0.00250695027326447,0.386435273286089,0,0,0,0,1,23760.8560683721,1.00000780951105
"trout_rep[14]",0.164791666666667,0.00237471969037479,0.371000145970383,0,0,0,0,1,24407.508791235,1.00012526166106
"trout_rep[15]",0.511583333333333,0.00333759492542991,0.499876222577925,0,0,1,1,1,22431.4684852545,1.00074171765546
"trout_rep[16]",0.403875000000001,0.00373500190142127,0.490683213956853,0,0,0,1,1,17259.2034405073,1.00089144189234
"trout_rep[17]",0.117916666666667,0.0020892777009248,0.322516139776644,0,0,0,0,1,23829.2606693136,1.00005977653245
"trout_rep[18]",0.497791666666667,0.00370623102225579,0.500005540130658,0,0,0,1,1,18200.5561571633,1.00013757687902
"trout_rep[19]",0.0356250000000002,0.00126503843550775,0.185357198211468,0,0,0,0,1,21468.9829329014,0.999997082075903
"trout_rep[20]",0.122,0.00301784373122525,0.327292626486846,0,0,0,0,1,11761.9396694384,1.0003726911889
"trout_rep[21]",0.578958333333334,0.00437561728295444,0.493736507582326,0,0,1,1,1,12732.4454271818,1.0017283490909
"trout_rep[22]",0.698125,0.00290789370902426,0.459080892484587,0,0,1,1,1,24924.2086784052,1.00006675460099
"trout_rep[23]",0.438375000000001,0.00326229132306955,0.49619816427928,0,0,0,1,1,23134.7507308155,1.00049080645615
"trout_rep[24]",0.20475,0.00268635024218361,0.403527226168563,0,0,0,0,1,22564.2246467965,1.00004641561344
"trout_rep[25]",0.835791666666668,0.00253598044329607,0.370472232878047,0,1,1,1,1,21341.2338969734,1.00069237026654
"trout_rep[26]",0.407166666666667,0.00327549372360927,0.491316629296701,0,0,0,1,1,22499.3195662259,0.999982332055965
"trout_rep[27]",0.371375,0.00313018878689447,0.48318250909711,0,0,0,1,1,23827.6573794425,1.00020979698313
"trout_rep[28]",0.90075,0.00191975893773591,0.299003616419299,0,1,1,1,1,24258.2510248429,0.999903224852777
"trout_rep[29]",0.866625000000001,0.00224315544354127,0.339986655125758,0,1,1,1,1,22972.3276500193,1.00132287071696
"trout_rep[30]",0.390958333333335,0.0031201282795474,0.487975241780117,0,0,0,1,1,24459.674668151,1.00041630689442
"trout_rep[31]",0.406708333333333,0.00512972349649547,0.491229803022219,0,0,0,1,1,9170.25690776621,1.00173139609568
"trout_rep[32]",0.795583333333333,0.00286801212796403,0.403283113467965,0,1,1,1,1,19772.3417203479,1.00102991918325
"trout_rep[33]",0.91225,0.0018665822106703,0.282936871144459,0,1,1,1,1,22976.5515642865,1.0000057896686
"trout_rep[34]",0.922375,0.00173277947961659,0.267586140907857,0,1,1,1,1,23847.3782447964,1.00048028591137
"trout_rep[35]",0.473708333333333,0.00326360628075695,0.499318672353849,0,0,0,1,1,23407.7728116185,1.00012220198728
"log_lik[1]",-2.98236648726165,0.0420428910391866,0.946110054421765,-5.0461352206767,-3.4667272869179,-2.98217336367037,-2.49103708136313,-0.987676604795945,506.40521701215,1.01376455864779
"log_lik[2]",-5.206262694343,0.0271093184390599,0.991857356216146,-7.4146702810333,-5.7317126722171,-5.14885630164374,-4.62604743561807,-3.27598767293614,1338.63211300823,1.00391055489494
"log_lik[3]",-3.20153020281975,0.0460442028636199,1.06891454279987,-5.50507035727706,-3.76757883937594,-3.20134592263079,-2.60672653017119,-1.01811111623008,538.934584692492,1.00841723422797
"log_lik[4]",-3.80427539163199,0.03897889631622,0.961807619132353,-5.86097661127309,-4.29440168510238,-3.80018898542943,-3.29564066180981,-1.81740926093503,608.859869543611,1.00801745620475
"log_lik[5]",-3.32890690361945,0.0802730779783714,1.01757711738969,-5.50292491394727,-3.87255495133518,-3.3317213004739,-2.77419064960988,-1.20590339410003,160.692213437005,1.03188716417718
"log_lik[6]",-3.95783591610804,0.0325784434914509,0.904968841003528,-5.96624329410814,-4.39076998116215,-3.92357422818537,-3.49770960036166,-2.10842942934618,771.625533745535,1.00523403148635
"log_lik[7]",-5.2547435202413,0.411562947587922,1.31740503919626,-7.95163228046335,-6.06687494920067,-5.25642139471761,-4.38028203237811,-2.72680180459573,10.2462772416109,1.12990584951503
"log_lik[8]",-5.71867591219786,0.0376250737471665,1.14116409509568,-8.27011799103862,-6.37173866930576,-5.62183445578995,-4.965342603347,-3.74615654980085,919.90181968609,1.0130408477454
"log_lik[9]",-3.44938815509239,0.137935178413667,1.2770144160959,-6.29478325194782,-4.13574375078071,-3.35360960131679,-2.6667915335937,-1.06618739908052,85.7119781039747,1.03605904315167
"log_lik[10]",-3.90034542422577,0.0337439680848596,0.941331226531888,-6.02466866467435,-4.35336269776029,-3.85753088446354,-3.39686638253021,-2.00485216760468,778.202511457372,1.0058196663328
"log_lik[11]",-3.83078833087203,0.042816049533431,1.03220493548807,-5.97798418655336,-4.40115460350156,-3.84795967485991,-3.25847815658808,-1.66243752181336,581.190724101556,1.00816465972914
"log_lik[12]",-3.54468443350258,0.0700758910444468,0.921117425919925,-5.69943937235577,-3.98477251627518,-3.46205142336868,-3.03007602230024,-1.77517031642146,172.779709520628,1.02750300611079
"log_lik[13]",-3.20674551507553,0.0877298598538349,1.01999791475998,-5.529105150787,-3.71627349709601,-3.14126405240883,-2.63552859465944,-1.18178668523662,135.177277885994,1.0304714065346
"log_lik[14]",-3.29429762025772,0.070246686040449,0.98323075430027,-5.5347606112379,-3.76809906239405,-3.21320622177439,-2.74523630991385,-1.39471448103211,195.911182991954,1.02528837304156
"log_lik[15]",-4.44902970145126,0.0398387447528449,0.995104516822482,-6.56605968939477,-4.99308511260541,-4.44670591364381,-3.89536044873739,-2.38672593331555,623.915970926401,1.00683468133105
"log_lik[16]",-7.43916844876286,0.0312724536137411,1.2466633384396,-10.1513747183503,-8.17879819402332,-7.34586650975222,-6.60524871750517,-5.21264599612028,1589.18501789551,1.0057450198212
"log_lik[17]",-3.20330074021561,0.0394620473984311,1.0728384043117,-5.62908750178263,-3.72414835565807,-3.13226870017422,-2.60383316250702,-1.1357373692723,739.110539599062,1.00567962038293
"log_lik[18]",-5.27235841327429,0.0465584904373474,1.16429922374656,-7.59803841167539,-5.97386120239943,-5.29004284681948,-4.56464790763774,-2.87815754642485,625.361922803408,1.00606041188481
"log_lik[19]",-4.16204052132367,0.089547410083729,1.69792241296724,-7.92822043160731,-5.14979258094524,-4.03164440769623,-3.01978705524221,-1.17353391329977,359.525437268681,1.02100400670317
"log_lik[20]",-7.57478208617584,0.0635241760820323,1.69653790843679,-11.0590704140187,-8.69093478491034,-7.53452559083541,-6.39335036383632,-4.40624759217473,713.261946852934,1.00533543473355
"log_lik[21]",-5.22123166651566,0.0467866040034854,1.02561741516756,-7.34119113834105,-5.79368882089092,-5.24191184870275,-4.65490452979592,-3.08518833316854,480.537989425275,1.01689995046164
"log_lik[22]",-3.5767864876207,0.0450972073188507,0.998648316308096,-5.73540606859423,-4.08101799748413,-3.56318666476057,-3.04461205765999,-1.50528289624415,490.372210815989,1.01586752764724
"log_lik[23]",-4.27706182134207,0.0471805213475163,0.98875148222046,-6.40144260507936,-4.79969758131451,-4.26829994130428,-3.73411595867855,-2.24190114930225,439.186340187028,1.01806516310504
"log_lik[24]",-2.89797189394589,0.04456236209787,1.02929053645033,-5.18580513250585,-3.41380686767018,-2.89550465601277,-2.35733143981689,-0.769557720943325,533.506301063598,1.01009857050653
"log_lik[25]",-3.46446669266643,0.04486807486879,1.06914314272299,-5.71145641221326,-4.02706241566529,-3.47435270008963,-2.88131974672932,-1.22297408286648,567.801895323337,1.00938100703575
"log_lik[26]",-7.60502799259203,0.0540499905426384,1.25938691318507,-10.2893912589352,-8.37077373694619,-7.54554652271004,-6.7810703339284,-5.21635105172792,542.909082928449,1.01554523384462
"log_lik[27]",-3.38722618575817,0.0415399004025265,0.983596246343817,-5.42642711193668,-3.91163682473866,-3.41894874227624,-2.87028090939265,-1.27573729986439,560.66419675924,1.00940127280868
"log_lik[28]",-3.14073036924237,0.265778399905331,1.14218778109262,-5.77465783017138,-3.72675438868614,-3.00507372053454,-2.46164441970794,-1.03367685281811,18.4686714216468,1.0802114823276
"log_lik[29]",-5.38321740045886,0.319582292847737,1.23659245490276,-8.20231294364258,-6.09369786368558,-5.23950060616499,-4.52328640126727,-3.37227935544584,14.972274060409,1.08534232081551
"log_lik[30]",-4.1392031711987,0.0388127272066964,0.968037889002683,-6.17580165913944,-4.65989939413834,-4.12685771188037,-3.59687321282276,-2.14873771210821,622.065895731272,1.00842664355331
"log_lik[31]",-4.19861687007374,0.0332174978606798,0.911120618514003,-6.21749741582686,-4.64145481783115,-4.16093672559516,-3.71274555552577,-2.34611695901814,752.346522847536,1.01005457763804
"log_lik[32]",-4.64631355489251,0.211470974490485,1.00990143794798,-6.96231473076203,-5.19078471560376,-4.53736160899727,-3.98657603749387,-2.93560645990231,22.8063848156727,1.06313753094437
"log_lik[33]",-4.88732391202358,0.0441064168477639,1.26972239229425,-7.75726027741571,-5.58680486570471,-4.77391102397693,-4.06415922805754,-2.64013329378217,828.731796613644,1.00974222123807
"log_lik[34]",-4.31647943084637,0.566007236630635,1.36550484276474,-7.47182724070538,-5.13483639141365,-4.05323476977102,-3.34930480425443,-2.18332297950831,5.82026182279999,1.23011542350424
"log_lik[35]",-5.52596420538782,0.0454314050486719,1.12867689310884,-7.85949730370703,-6.19914185937144,-5.52094091860586,-4.84687199677849,-3.21706634493387,617.201440934619,1.00606120733554
"lp__",-53.2879270231943,1.62578050172022,22.7405519318519,-87.6119511506636,-67.4836603880089,-58.2181245844449,-44.3976486667331,7.31712736540331,195.649247096364,1.04203560014092
